name,seq,BindingSites
hsa_circ_0000050,GATGAATTCAAAAGACTATTTGCTAAATATGGAGAACCAGGAGAAGTTTTTATCAACAAAGGCAAAGGATTCGGATTTATTAAGCTTGTGAGTGTAATTGTTTGATTTTACGTAGAATTAAAAAGGGTGGGGGATTTTTTTGTCACTACAAACGCTGAAGGCTTGGTTTTTAAACTGGGGAGGATAAATTGATCTTTTAGATTTTTCACCATTCTTACAGGAAAAATGCTTGCGGTATAATGCATAATTGTTGCTACCTAAGAGAAAAGAGGGGTGGGGTGGGTAAACTAAGTGGTGTTAGTGGGTGCTGCCTAAAGGTAATGGTCGAACTGAGCTGAAGGAAGAAAGGGA,2
hsa_circ_0000068,AGTGATAGATTCGTGTGGCCTTTCAAATGATTGTGAAGTGGTGGAAATGGATCCAAAATAATAAGTGACTTCTCTACCAAAGCATAGAAGATTCTTCATATCTCCTTCCAGTGGCTCAATTTAGATTTTGGGAAGGAGCAGAACAAGTGAAACACAGAAAACTGAAGAGAAGAAATCCTCATTTTGGACCTATATTTCTCCTTGACTATTTCTTAATATCCATCCTACCCATCGTTCTAATGTTTTAACTTTGCTCTGAATTTATAAATAGTAAAGGCCAAAGACATAGAATATACATTTAGTAGCTTTATACCAAGAAATTTGCCTTGAAAGCTGCTGTTCGTGGAGGGAAAAGTGTAGCAAATTCCTGTCTATTTTTATTTTTTATTTTTTTTTAACAAAGACAAGATTTATGTCCCTAGATTTTGAAGGTTAAGGCAAATATAAATACATATCTGCACACTATTTTTTAGCAGTTGCATGAGTAAGAGTAATGAGATTTGTATTTTAAGGACTTTGTCATGTGGATGTTTTGGAGTTGACTGCTCAGATCTTTTATAGGGCTTTAATATTTTTGATCTATTACCTTGATGACATTATTTGTCCACACTTGAGCCCATCTGTCTTTCTAGCTATGACCTTGTTATGAACAGTATTTGCACTCGGTGCAAATATCCATGTCTTACCTAATTAAGCAACATCATAGTGCCATAACTCAAGGAAGTTGAATGAGGTGAACATAGATACAGCTCTTTCCCCTTCCCCCCCTTTTTAAATGTAACAAATACTTTTTATGTTCCCCTTCCCCCCTTCCCCTTTTCCCCTTTCCCCTTTTGGAAACGTGTCAGGAACCAAATAGTTTAAGATGAGCAGTTGAGGGGACTGAGAGAGTGATCGACACAGAACCTGGCTTCTTCGTGCTTCATCATAAGTCGTGCTGCCGGCCAGGTTACTTAAGCACCCTTTTAACAAGGAAACCTTGTGGGAGATCCAGCTGGCCGACTCGAGTTCAGAAACAGGACCACAGAGGTTACACTCTGGGATCCTGGCCATGAGGTTGGATGCCTCACCTTACTGAAAGGAGACACTGGACCTAAATGGCGCAGCATGATTTTGTTCCTGCTTGGCTAAATTTCTCAACACCACAGTCAGCTAAG,2
hsa_circ_0000078,GTATTATATTTTTGTCCCGGTTTTAAATCTGGAGTAAAGCACTTATTTAATATTATTTCAAGGAAGAAAGAAGCTCTAAAGGATGAAGCCAATCAAAAAGACAAGGGAAATTGCAAAGAAGATTCTTTGGCAAGTTATGAATTGATATGCAGTTTACAGTCCTTAATCATTTCGGTTGAACAGCTCCAGGCTAGTTTTCTCTTAAATCCAGAGAAATATACTGATGAACTTGCCACTCAGCCAAGGCGACTGCTTAACACACTGAGGGAACTCAACCCTATGTATGAAGGATATCTACAGCATGATGCACAGGAAGTATTACAATGTATTTTGGGAAACATTCAAGAAACATGCCAACTCCTAAAAAAAGAAGAAGTAAAAAATGTGGCAGAATTACCTACTAAGGTAGAAGAAATACCTCATCCGAAAGAGGAAATGAATGGTATTAACAGCATAGAGATGGACAGTATGAGGCATTCTGAAGACTTTAAAGAGAAACTCCCAAAAGGAAATGGGAAAAGAAAAAGTGACACTGAATTTGGTAACATGAAGAAAAAAGTTAAATTATCCAAGGAACACCAGTCATTGGAAGAGAACCAGAGACAAACTAGATCAAAAAGAAAAGCTACAAGTGATACATTAGAGAGTCCTCCTAAAATAATTCCCAAGTATATTTCTGAAAATGAGAGTCCAAGACCCTCACAAAAGAAATCAAGAGTTAAAATAAATTGGTTAAAGTCTGCAACTAAGCAACCCAGCATTCTTTCTAAATTTTGTAGTCTGGGAAAAATAACAACAAACCAAGGAGTCAAAGGACAATCTAAAGAAAATGAATGTGATCCTGAAGAGGACTTGGGGAAGTGTGAAAGTGATAACACAACTAATGGTTGTGGACTTGAATCTCCAGGAAATACTGTTACACCTGTAAATGTTAATGAAGTTAAACCCATAAACAAAG,6
hsa_circ_0000079,GGAAATTGCAAAGAAGATTCTTTGGCAAGTTATGAATTGATATGCAGTTTACAGTCCTTAATCATTTCGGTTGAACAGCTCCAGGCTAGTTTTCTCTTAAATCCAGAGAAATATACTGATGAACTTGCCACTCAGCCAAGGCGACTGCTTAACACACTGAGGGAACTCAACCCTATGTATGAAGGATATCTACAGCATGATGCACAGGAAGTATTACAATGTATTTTGGGAAACATTCAAGAAACATGCCAACTCCTAAAAAAAGAAGAAGTAAAAAATGTGGCAGAATTACCTACTAAGGTAGAAGAAATACCTCATCCGAAAGAGGAAATGAATGGTATTAACAGCATAGAGATGGACAGTATGAGGCATTCTGAAGACTTTAAAGAGAAACTCCCAAAAGGAAATGGGAAAAGAAAAAGTGACACTGAATTTGGTAACATGAAGAAAAAAGTTAAATTATCCAAGGAACACCAGTCATTGGAAGAGAACCAGAGACAAACTAGATCAAAAAGAAAAGCTACAAGTGATACATTAGAGAGTCCTCCTAAAATAATTCCCAAGTATATTTCTGAAAATGAGAGTCCAAGACCCTCACAAAAGAAATCAAGAGTTAAAATAAATTGGTTAAAGTCTGCAACTAAGCAACCCAGCATTCTTTCTAAATTTTGTAGTCTGGGAAAAATAACAACAAACCAAGGAGTCAAAGGACAATCTAAAGAAAATGAATGTGATCCTGAAGAGGACTTGGGGAAGTGTGAAAGTGATAACACAACTAATGGTTGTGGACTTGAATCTCCAGGAAATACTGTTACACCTGTAAATGTTAATGAAGTTAAACCCATAAACAAAGGTGAAGAACAAATTGGTTTTGAGCTAGTGGAGAAATTATTTCAAGGTCAGCTGGTATTAAGGACGCGTTGCTTGGAATGTGAAAGTTTAACAGAAAGAAGAGAAGATTTTCAAGACATCAGTGTGCCAGTACAAGAAGATGAGCTTTCCAAAGTAGAGGAGAGTTCTGAAATTTCTCCAGAGCCAAAAACAGAAATGAAGACCCTGAGATGGGCAATTTCACAATTTGCTTCAGTAGAAAGGATTGTAGGAGAAGATAAATATTTCTGTGAAAACTGCCATCATTATACTGAAGCTGAACGAAGTCTTTTGTTTGACAAAATGCCTGAAGTTATAACTATTCATTTGAAGTGCTTTGCTGCTAGTGGTTTGGA,6
hsa_circ_0000084,GCTTGACACAACTCTCATAGACTTTACTGACATGAAGTGCCAACGAGGGGATCTAAGCTTCATTTTCAATGGGGATGCGGCGCCCTCTGAATCTTTTGTAGTATTAGACAATGAACAAAAAGTTTATCAGCGAATACATCATGAGGAATCAGAGATGGAAACAGAAGAAGAGGTGGATATTTTAATGAGCAGTGATATTTACTCTGCAACTTTATCAACAAAATCAATTTCTTTCACGCGTGCCCAGACAGGATGGCTTTTTCGGGAAGATAAAACAGAAAGAGTAGGAAACTTTTTGGCAGACTTTTACCTGGTGAATGGACTTGTTTTAGAATCAAGGAAAAGAAGAGAACATCTCAGTGAAGAGGATATTCTTCGAAATAAGGCCATCATGGAGAGTTTGAGTAAAGGTGGAAACATAATGGAACAGAATTTTGAGCCGATTCGAAGACAGTCTCTTACACCTCCTCCTCAGAACACTATTACATGGGAAGAATATATATCTGCTGAAAATGGAAAAGCTCCTCATCTGGGTAGAGAATTGGTGTGCAAAGAGAGTAAGAAAACGTTTAAAGCTACGATAGCCATGAGCCAGGAATTTCCCTTAGGGATAGAGTT,2
hsa_circ_0000147,TCTTCCGTGTGTGCTAAGATCGTGCAGCTCCTGGGGCAGAATGAGGTGGACTATCGCCAGAAGCAGGTGGTCATCCTGAGCCAGGATAGCTTCTACCGTGTCCTTACCTCGGAGCAGAAGGCCAAAGCCCTGAAGGGCCAGTTCAACTTTGACCACCCGGATGCCTTTGACAATGAACTCATTCTCAAAACACTCAAAGAAATCACTGAAGGGAAAACAGTCCAGATCCCCGTGTATGACTTTGTCTCCCATTCCCGGAAGGAGGAGACAGTTACTGTCTATCCCGCAGACGTGGTGCTCTTTGAAGGGATCCTGGCCTTCTACTCCCAGGAGGTACGAGACCTGTTCCAGATGAAGCTTTTTGTGGATACAGATGCGGACACCCGGCTCTCACGCAGAGTATTAAGGGACATCAGCGAGAGAGGCAGGGATCTTGAGCAGATTTTATCTCAGTACATTACGTTCGTCAAGCCTGCCTTTGAGGAATTCTGCTTGCCAACAAAGAAGTATGCTGATGTGATCATCCCTAGAGGTGCAGATAATCTGGTGGCCATCAACCTCATCGTGCAGCACATCCAGGACATCCTGAATGGAGGGCCCTCCAAACGGCAGACCAATGGCTGTCTCAACGGCTACACCCCTTCACGCAAGAGGCAGGCATCGGAGTCCAGCAGCAGGCCGCATTGACCCGTCTCCATCGGACCCCAGCCCCTATCTCCAAGAGACAGAGGAGGG,2
hsa_circ_0000190,TGGGTAATTCCAGAATTGATTGGCCATACCATTGTCACTGTATTACTGCTCATGTCATTGCACTGGTTCATCTTCCTTCTCAACTTACCTGTTGCCACTTGGAATATATATCGATACATTATGGTGCCGAGTGGTAACATGGGAGTGTTTGATCCAACAGAAATACACAATCGAGGGCAGCTGAAGTCACACATGAAAGAAGCCATGATCAAGCTTGGTTTCCACTTGCTCTGCTTCTTCATGTATCTTTATAG,2
hsa_circ_0000733,CAAGCCTCTCATACAACAGGCCATGGCCAAGATCATGAAGGCAAACCCTGCCCTGTATGTGTTACGTGAACGGATCCGCAAGGGGCTACAGCTCTATTCATCTGAACCCACTGAGCCTTATTTGTCTTCTCAGAACTATGGTGAGCTCTTCTCCAACCAGATTATCTGGTTTGTGGATGACACCAACGTCTACAGAGTGACTATTCACAAGACCTTTGAAGGGAACTTGACAACCAAGCCCATCAACGGAGCCATCTTCATCTTCAACCCACGCACAGGGCAGCTGTTCCTCAAGATAATCCACACGTCCGTGTGGGCGGGACAGAAGCGTTTGGGGCAG,2
hsa_circ_0000779,ATCACAATCGAAGCAATGAAAAGTGACATTGATGAGGTGGCTTTACAAGGGATAGAATTCTGGTCCAATGTCTGTGATGAGGAAATGGATTTGGCCATTGAAGCTTCAGAGGCAGCAGAACAAGGACGGCCCCCTGAGCACACCAGCAAGTTTTATGCGAAGGGAGCACTACAGTATCTGGTTCCAATCCTCACACAGACACTAACTAAACAGGACGAAAATGATGATGACGATGACTGGAACCCCTGCAAAGCAGCAGGGGTGTGCCTCATGCTTCTGGCCACCTGCTGTGAAGATGACATTGTCCCACATGTCCTCCCCTTCATTAAAGAACACATCAAGAACCCAGATTGGCGGTACCGGGATGCAGCAGTGATGGCTTTTGGTTGTATCTTGGAAGGACCAGAGCCCAGTCAGCTCAAACCACTAGTTATACAG,4
hsa_circ_0000799,GTACAGGTGAACAAAGGCAGAGTAAACTGTCACCCCAGATGCAGGTACATCAAGACAAAACCCTGCCACCAGCTCAGTCATCAAGTGTGGGTCCAGCAGAAGCCCAGCCACAGACTGCTCAGCCTTCAGCTCAGCCCCAGCCCCAAACCCAGCCCCAGTCCCCAGCTCAGCCTGAAGTTCAGACTCAGCCTGAAGTTCAGACCCAAACAACTGTTTCATCCCATGTCCCTTCTGAAGCACAACCCACCCACGCACAGTCATCCAAGCCCCAAGTTGCAGCACAGTCTCAGCCTCAAAGTAATGTCCAAGGACAGTCTCCTGTTCGTGTCCAAAGTCCATCACAGACTCGAATACGTCCATCAACTCCATCCCAACTGTCTCCTGGACAACAATCCCAGGTTCAGACTACAACCTCACAACCGATTCCAATTCAACCACATACATCTCTTCAGATACCTTCCCAAGGCCAGCCACAGTCACAACCCCAGGTACAGTCTTCAACTCAAACTCTTTCATCAGGACAAACTTTAAATCAAGTTACTGTTTCATCCCCATCCCGTCCTCAGCTACAAATACAGCAGCCACAGCCCCAAGTCATTGCTGTGCCTCAGCTGCAACAACAAGTCCAGGTTCTCTCTCAGATCCAGTCACAGGTTGTGGCTCAGATACAGGCTCAGCAAAGTGGTGTGCCCCAGCAAATCAAACTCCAGTTACCTATCCAAATTCAGCAAAGCAGTGCTGTGCAGACTCACCAGATTCAGAATGTGGTTACAGTGCAGGCAGCCAGTGTGCAAGAGCAGTTGCAAAGGGTTCAGCAACTCAGGGATCAGCAGCAAAAGAAGAAACAGCAACAGATAGAAATTAAGCGTGAACACACCCTCCAAGCTTCTAATCAAAGTGAAATCATTCAGAAACAGGTGGTGATGAAGCATAATGCTGTAATAGAACATTTAAAACAGAAAAAGAGCATGACTCCAGCTGAAAGAGAAGAGAATCAAAGAATGATTGTCTGTAACCAGGTGATGAAGTATATTTTGGATAAGATAGATAAAGAAGAAAAACAGGCAGCAAAAAAACGGAAGCGTGAAGAGAGTGTGGAGCAGAAACGTAGCAAGCAGAATGCCACTAAGCTGTCAGCTCTGCTCTTCAAGCACAAAGAGCAGCTCAGAGCCGAGATCCTGAAGAAGAGAGCACTCCTGGACAAGGATCTGCAAATTGAAGTGCAGGAAGAGCTGAAGAGAGACCTGAAAATTAAGAAAGAAAAAGACCTGATGCAGTTGGCTCAGGCCACAGCAGTAGCTGCACCCTGCCCCCCAGTGACACCAGCTCCTCCAGCCCCTCCAGCCCCTCCACCTTCACCTCCCCCTCCACCTGCTGTGCAACACACAGGCCTTCTGTCCACGCCCACCTTACCTGCTGCTTCCCAGAAGAGGAAGCGGGAAGAGGAAAAAGACTCCAGCTCAAAGTCCAAGAAAAAGAAAATGATCTCTACTACCTCAAAGGAAACTAAGAAGGACACAAAGCTTTACTGTATCTGTAAAACGCCTTATGATGAATCTAAATTTTATATTGGCTGTGATCGGTGTCAGAATTGGTACCATGGGCGCTGCGTTGGCATCTTGCAAAGTGAGGCAGAGCTCATTGATGAGTATGTCTGTCCACAGTGCCAGTCAACAGAGGATGCCATGACAGTGCTCACGCCACTAACAGAGAAGGATTATGAGGGGTTGAAGAGGGTGCTCCGTTCCTTACAGGCCCATAAGATGGCCTGGCCTTTCCTTGAACCAGTAGACCCTAATGATGCACCAGATTATTATGGTGTTATTAAGGAACCTATGGACCTTGCCACCATGGAAGAAAGAGTACAAAGACGATATTATGAAAAGCTGACGGAATTTGTGGCAGATATGACCAAAATTTTTGATAACTGTCGTTACTACAATCCAAGTGACTCCCCATTTTACCAGTGTGCAGAAGTTCTCGAATCATTCTTTGTACAGAAATTGAAAGGCTTCAAAGCTAGCAG,4
hsa_circ_0000023,TGAGAAAGATCAGTCTAAAGAAAAGGAGAAGAAAGTGAAAAAAACAATTCCTTCCTGGGCTACCCTTTCTGCCAGCCAGCTAGCCAGGGCCCAGAAACAAACACCGATGGCTTCTTCCCCACGTCCCAAGATGGATGCAATCTTAACTGAGGCCATTAAGGCATGCTTCCAGAAGAGTGGTGCATCAGTGGTTGCTATTCGAAAATACATCATCCATAAGTATCCTTCTCTGGAGCTGGAGAGAAGGGGTTATCTCCTTAAACAAGCACTGAAAAGAGAATTAAATAGAGGAGTCATCAAACAGGTTAAAGGAAAAGGTGCTTCTGGAAGTTTTGTTGTGGTTCAGAAATCAAGAAAAACACCTCAGAAATCCAGAAACAGAAAGAATAGGAGCTCTGCAGTGGATCCAGAACCACAAGTAAAATTGGAGGATGTCCTCCCACTGGCCTTTACTCGCCTTTGTGAACCTAAAGAAGCTTCCTACAGTCTCATCAGGAAATATGTGTCTCAGTATTATCCTAAGCTTAGAGTGGACATCAGGCCTCAGCTGTTGAAGAACGCTCTGCAGAGAGCAGTAGAGAGGGGCCAGTTAGAACAGATAACTGGCAAAGGTGCTTCGGGGACATTCCAGCTGAAGAAATCAGGGGAGAAACCCCTGCTTGGTGGAAGCCTGATGGAATATGCAATCTTGTCTGCCATTGCTGCCATGAATGAGCCGAAGACCTGCTCTACCACTGCTCTGAAGAAGTATGTCCTAGAGAATCACCCAGGAACCAATTCTAACTATCAAA,0
hsa_circ_0000052,ATGAAGAATGCCAGCTACAACTTAGATCCCTACATCCAGGAATTTGGGATCAAAGTGAAGGATGACATGACGGAGGTGACAGGGCGAGTGCTGCCGGCGCCCATCTTGCAGTACGGCGGCCGGAACCGGGCCATTGCCACACCCAATCAGGGTGTCTGGGACATGCGGGGGAAACAGTTCTACAATGGGATTGAGATCAAAGTCTGGGCCATCGCCTGCTTCGCACCCCAAAAACAGTGTCGAGAAGAGGTGCTCAA,0
hsa_circ_0000038,CTGAACTGTCCCAAGCAATAAACAGTGGTACATTGTTATCAAAACCGTCCCCACCCTTACCACCTAAGAGAGGCATTCCATCAACCTCAGTACCCACCTTGGAGTCTGCTGCTGCCATCACCACAAAAACACCAAGTGATGAAAGAGAGAAGAGCACGTGTTCTATGGGCTCGGAACTACTACCAATGATCTCACCTCGCTCTCCGTCCCCCCCACTGCCTACTCATATACCTCCAGAGCCTCCACGCACCCCTCCATTCCCTGCTAAGACTTTTCAAGTTGTGCCAGAAATTGAGTTTCCACCATCCTTAGATCTACACCAGGAGATTCCCCAGCAGGAAGATCAGAAAAAGGAAGTCCCCAAGAGGATACTGGACCAGAACTTTGGGGAGCCCCATATACCCTCTAGGCTGCCTCCACTCCCACTGCATATTCGAATCCAGCAGGCCCTCACCAGCCCACTTCCCATGACTCCTATTCTGGAGGGTTCTCACAGAGCTCATTCGTTGCTTTTTGAAAACAGTGACAGCTTTTCTGAGGACAGCAGTACGCTGGGTCGGACCAGGTCTCTTCCCATCACTATTGAAATGCTAAAAGTTCCAGACGATGAAGAAGAAGAGGAGCAAACCTGTCCATCCACATTCAGTGAAGAAATGACACCTACCTCAGTCATTCCTAAATTACCACAGTGTCTACGGGAGGAAGAAGAGAAGGAGAGCGACTCTGATTCAGAAGGTCCCATTCAGTACCGAGATGAAGAAGATGAAGATGAAAGCTATCAGA,0
hsa_circ_0000231,GTTTAAATGTGATACTGGTGTAGATCTCCTTGTTCTAAGCTATATTCATCCAACAAGCCATAAAGCCATAATGTGGTATAACATCCTTTTTGAGAGGTGAATATTATTGAATGAAAATGGCTGACAGAAGTGGGAAGATTATTCCAGGACAAGTGTATATTGAGGTGGAATATGATTATGAATATGAAGCAAAGGACAGAAAGATTGTGATAAAACAAGGGGAGAGGTACATCTTGGTGAAAAAGACCAATGATGACTGGTGGCAAGTCAAGCCAGATGAAAACTCCAAAGCGTTTTATGTGCCAGCCCAGTATGTGAAGGAGGTCACGCGCAAAGCTCTCATGCCACCTGTTAAGCAGGTAGCTGGTCTGCCAAATAACTCCACGAAAATAATGCAGAGTTTGCATCTTCAGAGATCAACAGAAAATGTGAACAAATTGCCTGAGCTTTCAAGTTTCGGAAAGCCATCGTCATCTGTTCAAGGAACAGGTCTTATTCGTGATGCCAATCAGAATTTTGGACCCAGTTATAATCAAGGTCAGACTGTCAACCTAAGCCTGGACCTGACCCATAATAACGGAAAGTTTAACAATGACTCACATTCTCCTAAAGTTTCCAGCCAGAATAGGACACGCTCATTTGGTCATTTTCCCGGTCCAGAGTTCTTGGATGTAGAGAAAACTAGCTTCTCCCAGGAACAATCTTGTGATTCCGCAGGAGAAGGCTCTGAAAGAATACATCAAGATTCTGAATCTGGTGATGAACTTAGCAGCAGCTCCACTGAACAGATAAGG,0
hsa_circ_0003678,TGCAACAGAAATAAACCAAATGTGTTTGAACATATGTCAGAGGGCTGACATAATCATATGAAGAATGCTATACCAGTTTGGCTTTGGGACGAAATGTGAATCTACTAGGGCAACATACAACTGCCCTCTGAGTCAGAAGATCAGAAGTTGCTGTGGCTACACATAGTAGGTGCTCAAATATCCATCCTTTAAAGGGAAGGGTCAGCTGTGCTTTAGTTATATCAGCATTAGGTTTTGTTGTTGTTGTTACTTGATTTTGTTTTGTGTTGCTCCCTGCCCCCTTTACCTCTAAAATTAAGCGACTTAAATGCAATTCATTTTTGAAGTAGAAAAAACAAGTATGTAGCTGATAGAACAGGCTTTTCCATCAATTGTTGGTTGCTAGTAAGGAGGGTCAATATTGATTTCTGCCTGGGCTAAGGTTCAACTATAGCTGAGGCTTTTCAGAGAGCATACATGTACTAGAATTGAAATGATAGACAGTTATATTTAATGTCCACGCTGTCTTCTAAAGGATAGCTTGATGCAGAAATGCTTGCTTAACTGCCTGAAAACCTGTTCTTTGTGATTTCTGATTTGTCTAACTGGTCTGAAGTTCCCAATGACTAAAAGTTGATAGTAATTGAAAGTTGGGTGCAAATATTTACCTTAGAGGGACACATATATGACAAGAGCTGCCTATAAGATAGTTAGAGAAAATAGTAACTACTCAACTAACATATGATTTTATTGTAGTTAAGTGGTACAGAGTGTTGTGTGGATCCAGAGGGAGAAAAAGGCCATTGGTGTTAATGGATTTGGCTTTTAAAGGAACAATGGAAGTCAAATAAGCAAAG,0
hsa_circ_0006444,CTACTAGGTATATGGTTCATTAGTGAATGGATGGCCACTGGAAAAAGCACAGCTTTCCAGCTGGTGGAACTGGGCCCAGGTAGGGGAACCCTCGTGGGAGATATTTTGAGGGTGTTCACTCAACTTGGATCTGTGCTGAAAAATTGTGACATTTCAGTACATCTGGTAGAGGTAAGCCAAAAATTAAGTGAGATTCAAGCATTGACACTGACTAAAGAGAAGGTCCCGTTAGAGCGAAATGCTGGATCCCCAGTGTATATGAAAGGTGTCACTAAGTCTGGGATTCCAATTTCCTGGTACCGAGATCTGCACGATGTTCCAAAAGGGTACAGCTTTTATCTTGCACATGAATTTTTTGATGTTCTTCCTGTGCATAAATTTCAGAAAACACCACAGGGATGGCGAGAAGTATTTGTTGACATTGATCCACAGGTTTCTGATAAACTGAGGTTTGTTTTGGCACCTTCTGCCACCCCAGCAGAAGCCTTCATACAACATGACGAAACAAGGGATCATGTTGAAGTGTGTCCTGATGCTGGTGTTATCATCGAGGAACTTTCTCAACGCATTGCATTAACTGGAGGTGCTGCACTGGTTGCTGATTATGGTCATGATGGAACAAAGACAGATACCTTCAGAGGGTTTTGCGACCACAAGCTTCATGATGTCTTAATTGCCCCAGGAACAGCAGATCTAACAGCTGATGTGGACTTCAGTTATTTGCGAAGAATGGCACAGGGAAAAGTAGCCTCTCTGGGCCCAATAAAACAACACACATTTTTAAAAAATATGGGTATTGATGTCCGGCTGAAGGTTCTTTTAGATAAATCAAATGAGCCATCAGTGAGGCAGCAGTTACTTCAAGGATATGATATGTTAATGAATCCAAAGAAGATGGGAGAGAGATTTAACTTTTTTGCCTTGCTACCTCATCAGAGACTTCAAGGTGGAAGATATCAGAGGAATGCACGTCAGTCAAAACCCTTTGCATCCGTTGTAGCTGGGTTTAGTGAACTTGCTTGGCAGTGATATTTCAGCTTGGACATTTTACCCTTCAGTCGGCCCAAGAAATCAAAATAAAGGAAACACATTTCATATACTGCAG,0
hsa_circ_0003491,GTGGTATTAAAGATAATCAAACATTATCAAGAAGAAGGACAAGGAACTGAAGTTGTTCAAGGAGTGCTTTTGGGTCTGGTTGTAGAAGATCGGCTTGAAATTACCAACTGCTTTCCTTTCCCTCAGCACACAGAGGATGATGCTGACTTTGATGAAGGTAAGGGTGTTCATCACAAGTGTGTCTTTGCAGTGCATACAAATGGATATTGACACAGGTCTCACCATAACTTTTGATAATGTGTGAATTGGGAATCTGTCAGGCTAGCCTACTTCACTTGATGTCTGATACTTTGGGAAAATTATATAAATTCTGGGAAATGAGGGTTTATACTATAGACATCATTAGTTTGGCCTTTACTTATTTGGAATTTGTGATTCTGATTTGTCATAGATTGGATAGGAACTGTGCTGATGTTGACTTTGTCAACATGAAATCAGCTTGCTAAATAAAGTTTTGAGGGACAAAGATCATCCTTATGTGTCTGTTATCCATTCCCTTCTATCCTCTTTTGAATAAGTCAGTGTTTAGAAAGAGATGGAGTTCAATTTTCTGCTTCAGAAAGAAGATACTCCTCAAGCATTTCAGAAATTTTATTTTTGTACTATAGGTGTAGTTCCTTTGTTAGCAAAGGCTGAGAGTAGTTAAAAGCTCACATCAAAGGCTAAAATCAGCATCTAGAAGATTTTTTAAAAATCAAGTTGAAAATAACTTCTCACTTGTTTGAAATCCCTGGTTTCATTTTCTGTGTAACTTTTTATTGTAAAAAGCACATAAAAATTTTAAGTATACATTACAGTAGTGTTAAGTGTATGCATATTGTGCAGTAGGTTTCTAGAACTATTTCATCTTGCAAAGCTCAAACTCTGTATCCATCGAACAATCCCTTTTTCCACCTCTTTCATCCCCGCAACCACCATTCTACTTTGTGTTTCCAAGAGTCTGACTACAGATACCTCATGTTAGTGGAATCATGTGGCATTTATTATTTTGTGAGTGACTTATGTTATTTAGCATAATGTCCTAAAAGTTCATCCATGTTGTAGCAATGACAGGATTTTCTTCTTTTTTCTTAAGGCTGAATAATAATTCATCATCTGTATATACCACATTTTCCTTATCCAGCCATCTGGCGATGGAAGTTTAGGTTGCTCCCACCTGTTGGCTATTGTGAATAATGCTGCAGTGAACATGGGTGTGCAAATATCTCTTCAAAATCCTGTTTCCATTTTCTTTTGGATATGTACCCAGAAGTGGTATTACATG,0
hsa_circ_0003502,GTGATTTTACAACGAGATGCTGCTCTCCATAGGGATGCTCATGCTGTCAGCCACACAAGTCTACACCATCTTGACTGTCCAGCTCTTTGCATTCTTAAACCTACTGCCTGTAGAAGCAGACATTTTAGCATATAACTTTGAAAATGCATCTCAGACATTTGATGACCTCCCTGCAAGATTTGGTTATAGACTTCCAGCTGAAGGTTTAAAGGGTTTTTTGATTAACTCAAAACCAGAGAATGCCTGTGAACCCATAGTGCCTCCACCAGTAAAAGACAATTCATCTGGCACTTTCATCGTGTTAATTAGAAGACTTGATTGTAATTTTGATATAAAGGTTTTAAATGCACAGAGAGCAGGATACAAGGCAGCCATAGTTCACAATGTTGATTCTGATGACCTCATTAGCATGGGATCCAACGACATTGAGGTACTAAAGAAAATTGACATTCCATCTGTCTTTATTGGTGAATCATCAGCTAATTCTCTGAAAGATGAATTCACATATGAAAAAGGGGGCCACCTTATCTTAGTTCCAGAATTTAGTCTTCCTTTGGAATACTACCTAATTCCCTTCCTTATCATAGTGGGCATCTGTCTCATCTTGATAGTCATTTTCATG,0
hsa_circ_0005903,GGAAAGAGAACAACCACCACGTTTTGCTCAACCTGGGACGTATGCATCTCGATGGAAGGCTCTTGAAGAAATGGAAAAGCAGCAGCGTGAGCAGGTTGATAGAAACATCAGAGAAGCCAAAGAGAAACTGGAGGCAGAAATGGAAGCAGCTAGGCATGAACACCAATTAATGCTAATGAGGCAAG,0
hsa_circ_0006116,AATTCAAGGTCTAAATTGACATATTTGGGAAGAGCAGGGTGTTGGGGAAACAGAACTGGTAAGTAGATGGTTTTCCTCTCCCATCTGACTCAGTGTTAGAGAACTCTGTTGGAGACAGTGTTAATTTCAATATCTTGATGCCCGATTTTATCGTTACAGACATCCTGTTATACAGAATAGCTTATTTGCTCTCTTAATAGAAATCTTGTAAAGAAAATCCATCTTCCTTATTTCACTGTTTCTTTCCCTAAAAGTTTTTGTATACCACCCCTTTATCAAGAATTAAGATGTTGGGGAAAAAAAAAAAACAAATCTTTTTGGGCTAAATAATGCCAGCTTCACTTCCCTCAATGATGACACATTTATCTGTATTTTAAAGTTGTTTTTTTTTTTTTCTCCCTTTCCCACTACACTGCTCTGCATGTGGGTTCCCTAGCTGAGAAGCTGCCATTGATGGTGAAAGACTTTAATCTAAATTTAGATTCTCTTCAGAGGTTTCGTGGAATACTTCCTTAAATTAAGCCACAGACTGCAAAAGCTGCTGCTGAGTGGGGCTTCCAG,0
